{
  "result": {
    "wpm": 88.76,
    "rawWpm": 88.76,
    "charStats": [111, 0, 0, 0],
    "charTotal": 111,
    "acc": 97.39,
    "mode": "time",
    "mode2": "15",
    "punctuation": false,
    "numbers": false,
    "lazyMode": false,
    "timestamp": 1775009885711,
    "language": "english",
    "restartCount": 2,
    "incompleteTests": [
      {
        "acc": 55.56,
        "seconds": 0.23
      },
      {
        "acc": 0,
        "seconds": 0.58
      }
    ],
    "incompleteTestSeconds": 0.81,
    "difficulty": "normal",
    "blindMode": false,
    "tags": [],
    "keySpacing": [
      74, 73.6, 184.1, 151.9, 198.2, 151.8, 107.5, 108.7, 85.1, 119.6, 159.7,
      83.3, 220.9, 200.3, 156.8, 74.6, 75.3, 133.2, 91.9, 97.6, 110.2, 109.8,
      96.1, 212.3, 108.6, 598.4, 296.4, 190.2, 176.6, 121.2, 112.7, 189, 79.7,
      142.5, 108.5, 106.7, 107.6, 101.6, 81, 109, 114.6, 110.5, 99.7, 83.6,
      82.9, 115.2, 86.5, 133.1, 92.3, 152.2, 57.6, 166.8, 322.5, 108.3, 82.6,
      84.4, 98, 204.3, 79.6, 156.4, 146.6, 133.1, 98.8, 126.6, 112.1, 239.3,
      170.9, 162.6, 122.1, 105.9, 59.3, 67.2, 81.9, 93.1, 56.2, 145.7, 158.9,
      130.7, 76.4, 94.6, 93.5, 88.1, 98.7, 86.7, 165.9, 61.6, 119.4, 54.5, 76.6,
      117.1, 81.8, 106.2, 77.7, 125.3, 74.9, 370.6, 499.1, 97.8, 121, 113.6,
      67.9, 147.8, 152.7, 97.8, 150.9, 351.2, 58.3, 177.7, 63, 68.2, 97.7,
      111.4, 75.9, 147, 102.3
    ],
    "keyDuration": [
      158.20000000298023, 128.10000000149012, 135.70000000298023,
      233.10000000149012, 225.39999999850988, 82.29999999701977,
      147.20000000298023, 175.60000000149012, 202.10000000149012,
      163.19999999552965, 109.10000000149012, 170.20000000298023,
      110.10000000149012, 148.39999999850988, 127.60000000149012, 137,
      101.70000000298023, 105.39999999850988, 157.20000000298023,
      113.70000000298023, 132.39999999850988, 205.69999999552965,
      127.39999999850988, 151.20000000298023, 121.80000000447035, 90,
      82.10000000149012, 122.29999999701977, 105.10000000149012, 186.5,
      123.79999999701977, 176, 143.39999999850988, 138.29999999701977,
      116.10000000149012, 129, 107.5, 101.10000000149012, 123.39999999850988,
      151.10000000149012, 155.89999999850988, 161.69999999552965, 132.5,
      189.40000000596046, 176.30000000447035, 156.40000000596046,
      133.29999999701977, 166.60000000149012, 153.69999999552965,
      179.89999999850988, 156.39999999850988, 192.89999999850988,
      102.60000000149012, 156.79999999701977, 153.90000000596046,
      101.20000000298023, 129, 88.60000000149012, 152.19999999552965,
      238.39999999850988, 177.39999999850988, 130.89999999850988,
      246.60000000149012, 148.39999999850988, 169.39999999850988, 132,
      131.89999999850988, 187.89999999850988, 103.69999999552965,
      185.59999999403954, 156.19999999552965, 215.30000000447035,
      148.79999999701977, 149.20000000298023, 96.39999999850988,
      217.40000000596046, 186.79999999701977, 82.20000000298023,
      169.19999999552965, 172.39999999850988, 142.89999999850988,
      125.10000000149012, 201.5, 153.89999999850988, 95.79999999701977, 130.5,
      140.89999999850988, 136.5, 147.60000000149012, 126.5, 149.29999999701977,
      105.89999999850988, 144, 172.10000000149012, 110.79999999701977,
      86.69999999552965, 102.59999999403954, 115.20000000298023,
      119.10000000149012, 139.10000000149012, 215.5, 131.10000000149012,
      152.39999999850988, 103.5, 195.60000000149012, 84, 146.89999999850988,
      123.70000000298023, 116.79999999701977, 174.89999999850988,
      146.69999999552965, 134.70000000298023, 105.60000000149012,
      162.69999999552965, 117.5, 144.42
    ],
    "keyOverlap": 4342.4,
    "lastKeyToEnd": 0,
    "startToFirstKey": 0,
    "consistency": 71.56,
    "wpmConsistency": 93.54,
    "keyConsistency": 39.42,
    "funbox": [],
    "bailedOut": false,
    "chartData": {
      "wpm": [95, 90, 96, 75, 77, 82, 87, 87, 87, 89, 91, 93, 88, 87, 89],
      "burst": [
        96, 84, 108, 36, 84, 108, 120, 84, 84, 108, 108, 132, 36, 84, 108
      ],
      "err": [0, 0, 0, 1, 0, 0, 0, 0, 0, 0, 0, 1, 1, 0, 0]
    },
    "testDuration": 15.01,
    "afkDuration": 0,
    "stopOnLetter": false,
    "uid": "dQLw9pqNo3e4mWSWxW6gGvGuFX83",
    "hash": "2b753ee6163e701da87d50f460eed0680d27fbc1"
  }
}
