{
  "result": {
    "wpm": 96.81,
    "rawWpm": 96.81,
    "charStats": [121, 0, 0, 0],
    "charTotal": 121,
    "acc": 99.18,
    "mode": "time",
    "mode2": "15",
    "punctuation": false,
    "numbers": false,
    "lazyMode": false,
    "timestamp": 1775039464725,
    "language": "english",
    "restartCount": 0,
    "incompleteTests": [],
    "incompleteTestSeconds": 0,
    "difficulty": "normal",
    "blindMode": false,
    "tags": [],
    "keySpacing": [
      551.1, 186.5, 68.9, 117.5, 77.7, 134.2, 104.2, 137.1, 72.3, 128.8, 89.8,
      84.1, 163.6, 77.5, 55.3, 92.9, 68.4, 211.6, 70.2, 155.3, 64.7, 80.7,
      133.2, 47.1, 95.7, 94.8, 77.6, 123.6, 100.5, 84.7, 83, 101.2, 310.6, 61.8,
      139.9, 60.6, 65.3, 137.8, 77.3, 58.5, 60.3, 71.4, 46.3, 110.5, 309.3,
      97.4, 116.3, 117.4, 928.7, 105.6, 3.2, 129.1, 42.4, 137.7, 63.3, 116.6,
      71.5, 62.6, 268.8, 74.5, 80.1, 65.1, 111, 139.6, 58.6, 125.8, 89.3, 93.4,
      128.9, 44.8, 115.2, 112.6, 115.8, 116.8, 82.8, 309.9, 61.4, 42.8, 156.1,
      496, 163.5, 85.6, 94.2, 111.8, 180.7, 186.1, 153.5, 312.5, 139.3, 150.4,
      111.3, 94.3, 118.4, 135.6, 44.8, 84.3, 83.5, 100.1, 83.1, 103.3, 80.8,
      55.4, 128.4, 152.8, 25.6, 38.6, 85.8, 77.5, 86.5, 98.3, 175.2, 101.9,
      64.3, 334.1, 156.6, 150.7, 101.6, 84, 70.4, 147.5, 82, 97.9, 73.9
    ],
    "keyDuration": [
      47.3999999910593, 112.70000000298023, 169.70000000298023,
      166.3999999910593, 120.29999999701977, 93.09999999403954, 127.5,
      76.79999999701977, 111.79999999701977, 101, 118.09999999403954,
      108.20000000298023, 113, 91.40000000596046, 115.90000000596046,
      127.40000000596046, 136.79999999701977, 127.90000000596046, 92, 81,
      143.3999999910593, 167.19999998807907, 124.6000000089407,
      164.90000000596046, 150.59999999403954, 137.70000000298023,
      140.8999999910593, 117.40000000596046, 117.6000000089407,
      84.40000000596046, 140.5, 151.6000000089407, 99.40000000596046,
      114.80000001192093, 92.29999999701977, 124.40000000596046, 132,
      104.3999999910593, 103.20000000298023, 151.6000000089407,
      163.40000000596046, 218.80000001192093, 136.70000000298023,
      191.79999999701977, 131.6000000089407, 152.20000000298023,
      81.79999999701977, 200.5, 123.5, 153.09999999403954, 118.70000000298023,
      116, 109.6000000089407, 93.8999999910593, 145.79999999701977, 92,
      122.79999999701977, 124.79999999701977, 108.3999999910593,
      74.20000000298023, 106.29999999701977, 131, 162.29999999701977,
      98.59999999403954, 95.29999999701977, 64.30000001192093,
      153.59999999403954, 135.5, 100.40000000596046, 91.40000000596046, 109.5,
      138.09999999403954, 214.5, 166.19999998807907, 165.79999999701977, 118,
      148.8999999910593, 106.20000000298023, 136.5, 55.20000000298023, 76,
      130.20000000298023, 134, 145.29999999701977, 89.1000000089407, 114.5,
      133.20000000298023, 122.40000000596046, 182.1000000089407,
      121.29999999701977, 177.20000000298023, 76.5, 141.79999999701977,
      65.29999999701977, 102.09999999403954, 107.09999999403954,
      136.29999999701977, 56.5, 137.6000000089407, 141, 67, 114.90000000596046,
      126.59999999403954, 69.40000000596046, 85, 106.90000000596046,
      133.90000000596046, 100.79999999701977, 140.09999999403954,
      119.8999999910593, 136.79999999701977, 120.3999999910593,
      139.90000000596046, 120.1000000089407, 130, 87.40000000596046,
      135.90000000596046, 198.30000001192093, 148.5, 118.09999999403954, 123,
      80.90000000596046, 122.56, 122.56
    ],
    "keyOverlap": 3815.4,
    "lastKeyToEnd": 0,
    "startToFirstKey": 0,
    "consistency": 72.74,
    "wpmConsistency": 92.23,
    "keyConsistency": 17.05,
    "funbox": [],
    "bailedOut": false,
    "chartData": {
      "wpm": [72, 90, 100, 99, 108, 98, 96, 98, 100, 95, 94, 92, 95, 97, 97],
      "burst": [
        72, 108, 120, 96, 144, 48, 84, 108, 120, 60, 84, 72, 132, 120, 96
      ],
      "err": [0, 0, 0, 0, 0, 0, 0, 0, 0, 1, 0, 0, 0, 0, 0]
    },
    "testDuration": 15,
    "afkDuration": 0,
    "stopOnLetter": false,
    "uid": "UGlUab4M1vQXi94UOM0xZEsJrCq2",
    "hash": "9b3d11f8c964c4d12b14f5c960a0e7e27d71a192"
  }
}
