{"result":{"wpm":64.8,"rawWpm":64.8,"charStats":[81,0,0,0],"charTotal":81,"acc":95.35,"mode":"time","mode2":"15","punctuation":false,"numbers":false,"lazyMode":false,"timestamp":1775018572794,"language":"english","restartCount":0,"incompleteTests":[],"incompleteTestSeconds":0,"difficulty":"normal","blindMode":false,"tags":[],"keySpacing":[74.8,103.9,83.5,130.1,305,44.6,141.5,180.7,66.4,184.2,30.1,93.1,103.4,76.1,65.1,110.7,167.4,69.2,112,83.6,105.2,116,405.6,67.3,108.4,91.5,113.1,134.1,66.3,114.5,85.5,93.2,400.1,453.5,114.2,256.5,93.3,34.7,120,151.3,438.5,377.8,76.9,134.7,69.7,63,120.9,129.8,45,104.2,148.8,99.3,138.1,2258.5,45.8,58.6,66.6,120.4,115.2,349.3,84.4,154.3,162,100.1,409.2,76.9,62.8,27,90,85.7,114,649,84.3,509.5,73.6,56.5,94.3,159.3,156.8,67.6,769.1,155.9,132.3,104.5,124.7,117.5,97.6,85.9],"keyDuration":[116,85.1000000089407,130.20000000298023,161.70000000298023,132.40000000596046,132,109.70000000298023,77.29999999701977,131.8999999910593,82.29999999701977,94.5,174.30000001192093,88,158.1000000089407,117.20000000298023,155.40000000596046,99.90000000596046,166.59999999403954,111.5,152.20000000298023,139.70000000298023,133.59999999403954,147.3999999910593,163.70000000298023,127.6000000089407,89.5,139.5,64.79999999701977,112.8999999910593,149.29999999701977,149.70000000298023,130.09999999403954,81.8999999910593,151.79999999701977,120.09999999403954,84.8999999910593,92.3999999910593,117.09999999403954,163.29999999701977,181.59999999403954,47.79999999701977,72,103.79999999701977,134.59999999403954,131.19999998807907,169,152.6000000089407,129.59999999403954,81.70000000298023,204.40000000596046,231.79999999701977,106.79999999701977,171.70000000298023,84,104,166.20000000298023,159.1000000089407,183.70000000298023,168.90000000596046,82.40000000596046,118.40000000596046,82.59999999403954,82.20000000298023,134.6000000089407,98.5,145.40000000596046,133.09999999403954,116.79999999701977,137.70000000298023,150.5,161,123.70000000298023,150.5,102.6000000089407,113.5,115.59999999403954,135.69999998807907,82.5,232,126,49,104.5,131.8999999910593,195.79999999701977,123.20000000298023,117.29999999701977,86.19999998807907,127.05,127.05],"keyOverlap":2814.7,"lastKeyToEnd":0,"startToFirstKey":0,"consistency":56.63,"wpmConsistency":82.6,"keyConsistency":0.04,"funbox":[],"bailedOut":false,"chartData":{"wpm":[96,108,96,96,84,78,82,77,68,68,68,69,66,63,65],"burst":[96,120,84,96,48,48,108,36,0,72,60,84,48,60,72],"err":[0,0,1,0,1,0,0,0,0,0,0,0,1,1,0]},"testDuration":15,"afkDuration":1,"stopOnLetter":false,"uid":"dQLw9pqNo3e4mWSWxW6gGvGuFX83","hash":"0a31813f34e4ae8727f638062b73dde23f19673c"}}
{"result":{"wpm":96.85,"rawWpm":101.65,"charStats":[121,2,0,0],"charTotal":127,"acc":95.38,"mode":"time","mode2":"15","punctuation":false,"numbers":false,"lazyMode":false,"timestamp":1775018601843,"language":"english","restartCount":0,"incompleteTests":[],"incompleteTestSeconds":0,"difficulty":"normal","blindMode":false,"tags":[],"keySpacing":[69,33.7,98.1,73.1,144.2,124.2,128.3,101.6,114.6,87.9,124.8,61.8,39.7,99.4,81.3,91.1,145.3,101.6,88,78.3,99.5,99.9,89.8,114.8,253,65.2,112,96.9,144.2,72.5,136.9,80.3,56.5,112.5,81,48.1,71.2,87.3,114.2,162.5,70.4,45.3,170.6,82.2,88.8,94.1,100.8,54.2,77.6,100.5,219.8,31.1,105.7,144.2,66,55.4,116.5,33.1,144.2,134.5,86.5,103.5,117,106.3,67,168.3,82.2,99.8,120.2,100.5,97,138.1,95.3,100.5,75.1,142.8,99.1,116.3,55,143.3,148.5,87.9,86.4,128.5,71.2,81.5,104.6,28.5,114.2,203.6,61.8,38.4,629.9,66.2,215.1,84,106.8,45.6,65.1,90.7,92.4,118.2,55.8,114.6,146,116.7,100,103.5,82.1,81.1,25.9,30.1,126.2,550,82.2,73.4,65.9,79.9,155.5,101.2,150.4,94.8,96.8,155.3,346.7,82.7,133.1,114.9,157.7],"keyDuration":[130.59999999403954,102.79999999701977,169.69999998807907,137.09999999403954,116.30000001192093,91.40000000596046,199.5,136.20000000298023,112.8999999910593,134.09999999403954,116.3999999910593,103.29999999701977,105.59999999403954,136.09999999403954,94.40000000596046,61,168.90000000596046,157.29999999701977,109.29999999701977,168.5,127,126.20000000298023,131.40000000596046,151.09999999403954,130.29999999701977,125.09999999403954,159.3999999910593,82.59999999403954,122.20000000298023,71.70000000298023,155.29999999701977,127,116.59999999403954,131.29999999701977,165.29999999701977,155.20000000298023,124.90000000596046,119.90000000596046,150.1000000089407,78.20000000298023,151,114.29999999701977,216.20000000298023,127.5,130.40000000596046,93,125,90.29999999701977,144,145.79999999701977,83.79999999701977,169.70000000298023,167.59999999403954,96.80000001192093,105.6000000089407,76.90000000596046,148.29999999701977,83.09999999403954,128,156.70000000298023,216.79999999701977,128.90000000596046,193.90000000596046,131.90000000596046,104.90000000596046,93.90000000596046,82,99.6000000089407,87,197.20000000298023,134.6000000089407,132.90000000596046,148.79999999701977,125.8999999910593,122.29999999701977,77.29999999701977,140.1000000089407,106.70000000298023,153.5,158.40000000596046,74.79999999701977,112,108.8999999910593,134,69,162.20000000298023,103.1000000089407,99.5,150.69999998807907,118.30000001192093,168.8999999910593,87.09999999403954,183.5,147.20000000298023,135.40000000596046,133,60.30000001192093,98.79999999701977,94,112,137.6000000089407,156,47,158.20000000298023,127.6000000089407,138.1000000089407,135.70000000298023,101.90000000596046,134.5,154.40000000596046,121,89.1000000089407,165.79999999701977,85.69999998807907,139.09999999403954,96.90000000596046,132.90000000596046,140.69999998807907,97.29999999701977,142.40000000596046,143.79999999701977,94.59999999403954,181.3999999910593,201.09999999403954,110.90000000596046,82.5,65.3Show more
{"result":{"wpm":87.26,"rawWpm":88.06,"charStats":[109,1,0,0],"charTotal":110,"acc":92.56,"mode":"time","mode2":"15","punctuation":false,"numbers":false,"lazyMode":false,"timestamp":1775018629958,"language":"english","restartCount":0,"incompleteTests":[],"incompleteTestSeconds":0,"difficulty":"normal","blindMode":false,"tags":[],"keySpacing":[88.7,80.4,79.5,141.1,27,149.9,68.4,138.6,77.8,133.7,73,107.4,86.6,120.4,84,59.6,100.7,160.4,95.4,118.2,81.5,199.1,80.5,100,57.4,144.8,97.4,103.5,150.7,77.6,68.3,148.8,86.2,179.7,509.8,73.4,67.5,100.7,118.1,147.7,84.9,85.5,100.7,115.6,80.1,68,100,132.1,97.8,70.5,97.6,161.5,501.6,160.4,154.8,73.7,64.8,75.1,116.7,94,119.7,218.7,92,86.8,137.4,111.2,201.6,82,87.3,267.6,86.1,74.5,53,117,135.2,117.2,70.3,62.2,95.6,102.6,116.1,186.2,96,72.1,127,55.4,115.9,530.8,117.1,120.2,159.3,154.7,101.5,102.8,64.9,146.2,30.4,156.2,61.3,537.6,64.3,158.5,93.4,81.1,63.8,170.4,133.4,83,96.9,84.3,136.8,99.5,46.3,89.3,644,104.8,111.2,100.9,49.3,139.8],