{
    "wpm": 100.07,
    "rawWpm": 101.67,
    "charStats": [
        125,
        1,
        0,
        0
    ],
    "charTotal": 127,
    "acc": 93.38,
    "mode": "time",
    "mode2": "15",
    "punctuation": false,
    "numbers": false,
    "lazyMode": false,
    "timestamp": 1774930408080,
    "language": "english",
    "restartCount": 0,
    "incompleteTests": [],
    "incompleteTestSeconds": 0,
    "difficulty": "normal",
    "blindMode": false,
    "tags": [],
    "keySpacing": [
        52,
        72,
        113,
        99,
        66,
        104,
        114,
        35,
        98,
        101,
        119,
        83,
        31,
        86,
        566,
        81,
        35,
        101,
        69,
        148,
        131,
        119,
        114,
        116,
        165,
        254,
        79,
        140,
        144,
        89,
        94,
        57,
        146,
        82,
        102,
        89,
        42,
        87,
        137,
        50,
        66,
        148,
        101,
        94,
        76,
        114,
        131,
        15,
        429,
        104,
        66,
        102,
        100,
        102,
        101,
        83,
        66,
        65,
        118,
        121,
        118,
        77,
        82,
        53,
        102,
        113,
        65,
        104,
        80,
        117,
        139,
        21,
        61,
        146,
        153,
        79,
        54,
        163,
        76,
        84,
        75,
        102,
        65,
        104,
        568,
        37,
        78,
        147,
        118,
        92,
        140,
        137,
        51,
        143,
        88,
        114,
        133,
        354,
        151,
        98,
        49,
        80,
        138,
        88,
        116,
        257,
        89,
        136,
        116,
        30,
        106,
        129,
        470,
        62,
        52,
        100,
        84,
        99,
        133,
        71,
        65,
        85,
        114,
        67,
        80,
        102,
        55,
        145,
        102,
        29,
        85,
        102,
        67,
        119,
        79
    ],
    "keyDuration": [
        150.80000001192093,
        70.09999999403954,
        128.5,
        98.8999999910593,
        168.8999999910593,
        137.5,
        42.5,
        83.90000000596046,
        119.5,
        153.70000000298023,
        113.8999999910593,
        147,
        142.09999999403954,
        122.09999999403954,
        149,
        116,
        98.8999999910593,
        169.70000000298023,
        166.5,
        147.6000000089407,
        35.70000000298023,
        136.8999999910593,
        195.70000000298023,
        116.09999999403954,
        133.90000000596046,
        90.09999999403954,
        133.6000000089407,
        65.29999999701977,
        69.29999999701977,
        151.70000000298023,
        119.79999999701977,
        104.19999998807907,
        79.90000000596046,
        146.3999999910593,
        101.79999999701977,
        157.79999999701977,
        161.20000000298023,
        119.5,
        113.1000000089407,
        139.59999999403954,
        106.20000000298023,
        178.70000000298023,
        166.09999999403954,
        208.19999998807907,
        134.79999999701977,
        111.5,
        169,
        120.40000000596046,
        116.1000000089407,
        139.69999998807907,
        139.29999999701977,
        133.6000000089407,
        158.70000000298023,
        117.3999999910593,
        130.09999999403954,
        165.90000000596046,
        169.70000000298023,
        150.09999999403954,
        152.5,
        98.20000000298023,
        116.30000001192093,
        187.09999999403954,
        110.79999999701977,
        136.3999999910593,
        101.29999999701977,
        200.70000000298023,
        132.29999999701977,
        184.1000000089407,
        136.8999999910593,
        122,
        157.20000000298023,
        100.29999999701977,
        138.79999999701977,
        182.20000000298023,
        102.6000000089407,
        131.09999999403954,
        136.90000000596046,
        133.1000000089407,
        106.79999999701977,
        182.20000000298023,
        127.29999999701977,
        142,
        98.1000000089407,
        166.70000000298023,
        62.900000005960464,
        94.5,
        157.29999999701977,
        68.79999999701977,
        132.70000000298023,
        120.09999999403954,
        139.70000000298023,
        63.70000000298023,
        129,
        179.69999998807907,
        123.20000000298023,
        83,
        85.3999999910593,
        108.79999999701977,
        163.29999999701977,
        97,
        128.80000001192093,
        130.3999999910593,
        105,
        119,
        197.59999999403954,
        145.1000000089407,
        122.70000000298023,
        83,
        145.90000000596046,
        86.20000000298023,
        132.20000000298023,
        114.19999998807907,
        85.59999999403954,
        153.8999999910593,
        137.30000001192093,
        206.59999999403954,
        129.5,
        136.20000000298023,
        100.79999999701977,
        101.79999999701977,
        131.40000000596046,
        127.09999999403954,
        112.59999999403954,
        173.40000000596046,
        167.59999999403954,
        150.70000000298023,
        130.5,
        144.29999999701977,
        162.79999999701977,
        143.29999999701977,
        124.6000000089407,
        168.79999999701977,
        167.59999999403954,
        117.69999998807907,
        143.19999998807907,
        130.63
    ],
    "keyOverlap": 5191.1,
    "lastKeyToEnd": 6.8,
    "startToFirstKey": 0,
    "consistency": 76.7,
    "wpmConsistency": 90.6,
    "keyConsistency": 27.12,
    "funbox": [],
    "bailedOut": false,
    "chartData": {
        "wpm": [
            131,
            90,
            88,
            93,
            103,
            100,
            105,
            106,
            105,
            102,
            99,
            99,
            96,
            99,
            100
        ],
        "burst": [
            144,
            84,
            84,
            108,
            144,
            84,
            132,
            120,
            120,
            72,
            84,
            96,
            84,
            132,
            144
        ],
        "err": [
            1,
            3,
            0,
            0,
            0,
            0,
            0,
            0,
            2,
            0,
            1,
            0,
            1,
            0,
            1
        ]
    },
    "testDuration": 14.99,
    "afkDuration": 0,
    "stopOnLetter": false,
    "uid": "dQLw9pqNo3e4mWSWxW6gGvGuFX83",
    "hash": "b856ab195b53ca34c60cba5175450fd1d2909c7c"
}
